<?xml version="1.0" encoding="UTF-8"?>
<project-private xmlns="http://www.netbeans.org/ns/project-private/1">
    <editor-bookmarks xmlns="http://www.netbeans.org/ns/editor-bookmarks/2" lastBookmarkId="0"/>
    <open-files xmlns="http://www.netbeans.org/ns/projectui-open-files/2">
        <group>
            <file>file:/home/shreesoftech/Downloads/Main%20Code-27-10/public/js/script.js</file>
            <file>file:/home/shreesoftech/Downloads/Main%20Code-27-10/.htaccess</file>
            <file>file:/home/shreesoftech/Downloads/Main%20Code-27-10/app/Http/Controllers/UserController.php</file>
            <file>file:/home/shreesoftech/Downloads/Main%20Code-27-10/app/Http/Controllers/HomeController.php</file>
            <file>file:/home/shreesoftech/Downloads/Main%20Code-27-10/resources/views/themes/eCart/user/favorites.blade.php</file>
            <file>file:/home/shreesoftech/Downloads/Main%20Code-27-10/app/Http/Controllers/Controller.php</file>
            <file>file:/home/shreesoftech/Downloads/Main%20Code-27-10/public/themes/eCart/js/script.js</file>
            <file>file:/home/shreesoftech/Downloads/Main%20Code-27-10/resources/lang/en/msg.php</file>
            <file>file:/home/shreesoftech/Downloads/Main%20Code-27-10/resources/views/themes/eCart/sub-categories.blade.php</file>
        </group>
    </open-files>
</project-private>
